TransactionIndex, Incarnation, VersionTxIdx, VersionInc, Path, Operation
0 , 0, -1 , -1, 000000000000000000000000000000000000000000000000000000000000000000000000000000000000000000000000000000000001, Read
0 , 0, -1 , -1, 430555f51e2b1a469fd3894207f9714756f5901400000000000000000000000000000000000000000000000000000000000000000103, Read
0 , 0, -1 , -1, 430555f51e2b1a469fd3894207f9714756f5901400000000000000000000000000000000000000000000000000000000000000000303, Read
0 , 0, -1 , -1, 6ea02fcb8b9302e7a9f6e4c92d0257e7403f88cd00000000000000000000000000000000000000000000000000000000000000000001, Read
0 , 0, -1 , -1, 000000000000000000000000000000000000dead00000000000000000000000000000000000000000000000000000000000000000001, Read
0 , 0, -1 , -1, 430555f51e2b1a469fd3894207f9714756f5901400000000000000000000000000000000000000000000000000000000000000000001, Read
0 , 0, -1 , -1, 430555f51e2b1a469fd3894207f9714756f5901400000000000000000000000000000000000000000000000000000000000000000203, Read
0 , 0, -1 , -1, 6ea02fcb8b9302e7a9f6e4c92d0257e7403f88cd00000000000000000000000000000000000000000000000000000000000000000103, Read
0 , 0, -1 , -1, 6ea02fcb8b9302e7a9f6e4c92d0257e7403f88cd00000000000000000000000000000000000000000000000000000000000000000303, Read
0 , 0, -1 , -1, 000000000000000000000000000000000000dead00000000000000000000000000000000000000000000000000000000000000000103, Read
0 , 0, -1 , -1, 000000000000000000000000000000000000000000000000000000000000000000000000000000000000000000000000000000000103, Read
0 , 0, -1 , -1, 430555f51e2b1a469fd3894207f9714756f5901400000000000000000000000000000000000000000000000000000000000000000001, Write
0 , 0, -1 , -1, 430555f51e2b1a469fd3894207f9714756f5901400000000000000000000000000000000000000000000000000000000000000000203, Write
0 , 0, -1 , -1, 6ea02fcb8b9302e7a9f6e4c92d0257e7403f88cd00000000000000000000000000000000000000000000000000000000000000000103, Write
0 , 0, -1 , -1, 6ea02fcb8b9302e7a9f6e4c92d0257e7403f88cd00000000000000000000000000000000000000000000000000000000000000000303, Write
0 , 0, -1 , -1, 000000000000000000000000000000000000dead00000000000000000000000000000000000000000000000000000000000000000103, Write
0 , 0, -1 , -1, 000000000000000000000000000000000000000000000000000000000000000000000000000000000000000000000000000000000103, Write
0 , 0, -1 , -1, 000000000000000000000000000000000000000000000000000000000000000000000000000000000000000000000000000000000001, Write
0 , 0, -1 , -1, 430555f51e2b1a469fd3894207f9714756f5901400000000000000000000000000000000000000000000000000000000000000000103, Write
0 , 0, -1 , -1, 430555f51e2b1a469fd3894207f9714756f5901400000000000000000000000000000000000000000000000000000000000000000303, Write
0 , 0, -1 , -1, 6ea02fcb8b9302e7a9f6e4c92d0257e7403f88cd00000000000000000000000000000000000000000000000000000000000000000001, Write
0 , 0, -1 , -1, 000000000000000000000000000000000000dead00000000000000000000000000000000000000000000000000000000000000000001, Write
1 , 0, 0 , 0, 6ea02fcb8b9302e7a9f6e4c92d0257e7403f88cd00000000000000000000000000000000000000000000000000000000000000000001, Read
1 , 0, -1 , -1, 7f875672d52766475ae289bc0739e6cad55029b900000000000000000000000000000000000000000000000000000000000000000103, Read
1 , 0, -1 , -1, 7f875672d52766475ae289bc0739e6cad55029b900000000000000000000000000000000000000000000000000000000000000000303, Read
1 , 0, 0 , 0, 000000000000000000000000000000000000dead00000000000000000000000000000000000000000000000000000000000000000001, Read
1 , 0, 0 , 0, 000000000000000000000000000000000000000000000000000000000000000000000000000000000000000000000000000000000103, Read
1 , 0, 0 , 0, 000000000000000000000000000000000000000000000000000000000000000000000000000000000000000000000000000000000001, Read
1 , 0, 0 , 0, 6ea02fcb8b9302e7a9f6e4c92d0257e7403f88cd00000000000000000000000000000000000000000000000000000000000000000103, Read
1 , 0, -1 , -1, 6ea02fcb8b9302e7a9f6e4c92d0257e7403f88cd00000000000000000000000000000000000000000000000000000000000000000203, Read
1 , 0, -1 , -1, 6ea02fcb8b9302e7a9f6e4c92d0257e7403f88cd00000000000000000000000000000000000000000000000000000000000000000303, Read
1 , 0, -1 , -1, 7f875672d52766475ae289bc0739e6cad55029b900000000000000000000000000000000000000000000000000000000000000000001, Read
1 , 0, 0 , 0, 000000000000000000000000000000000000dead00000000000000000000000000000000000000000000000000000000000000000103, Read
1 , 0, 0 , 0, 000000000000000000000000000000000000000000000000000000000000000000000000000000000000000000000000000000000001, Write
1 , 0, 0 , 0, 6ea02fcb8b9302e7a9f6e4c92d0257e7403f88cd00000000000000000000000000000000000000000000000000000000000000000103, Write
1 , 0, -1 , -1, 6ea02fcb8b9302e7a9f6e4c92d0257e7403f88cd00000000000000000000000000000000000000000000000000000000000000000203, Write
1 , 0, -1 , -1, 6ea02fcb8b9302e7a9f6e4c92d0257e7403f88cd00000000000000000000000000000000000000000000000000000000000000000303, Write
1 , 0, -1 , -1, 7f875672d52766475ae289bc0739e6cad55029b900000000000000000000000000000000000000000000000000000000000000000001, Write
1 , 0, 0 , 0, 000000000000000000000000000000000000dead00000000000000000000000000000000000000000000000000000000000000000103, Write
1 , 0, 0 , 0, 6ea02fcb8b9302e7a9f6e4c92d0257e7403f88cd00000000000000000000000000000000000000000000000000000000000000000001, Write
1 , 0, -1 , -1, 7f875672d52766475ae289bc0739e6cad55029b900000000000000000000000000000000000000000000000000000000000000000103, Write
1 , 0, -1 , -1, 7f875672d52766475ae289bc0739e6cad55029b900000000000000000000000000000000000000000000000000000000000000000303, Write
1 , 0, 0 , 0, 000000000000000000000000000000000000dead00000000000000000000000000000000000000000000000000000000000000000001, Write
1 , 0, 0 , 0, 000000000000000000000000000000000000000000000000000000000000000000000000000000000000000000000000000000000103, Write
2 , 0, -1 , -1, 85a0116d18fdf4a9c86099693fa5756710aca74700000000000000000000000000000000000000000000000000000000000000000001, Read
2 , 0, -1 , -1, 85a0116d18fdf4a9c86099693fa5756710aca74700000000000000000000000000000000000000000000000000000000000000000303, Read
2 , 0, 1 , 0, 000000000000000000000000000000000000dead00000000000000000000000000000000000000000000000000000000000000000001, Read
2 , 0, 1 , 0, 000000000000000000000000000000000000000000000000000000000000000000000000000000000000000000000000000000000103, Read
2 , 0, 1 , 0, 000000000000000000000000000000000000000000000000000000000000000000000000000000000000000000000000000000000001, Read
2 , 0, 1 , 0, 7f875672d52766475ae289bc0739e6cad55029b900000000000000000000000000000000000000000000000000000000000000000001, Read
2 , 0, -1 , -1, 7f875672d52766475ae289bc0739e6cad55029b900000000000000000000000000000000000000000000000000000000000000000303, Read
2 , 0, -1 , -1, 85a0116d18fdf4a9c86099693fa5756710aca74700000000000000000000000000000000000000000000000000000000000000000103, Read
2 , 0, 1 , 0, 000000000000000000000000000000000000dead00000000000000000000000000000000000000000000000000000000000000000103, Read
2 , 0, 1 , 0, 7f875672d52766475ae289bc0739e6cad55029b900000000000000000000000000000000000000000000000000000000000000000103, Read
2 , 0, -1 , -1, 7f875672d52766475ae289bc0739e6cad55029b900000000000000000000000000000000000000000000000000000000000000000203, Read
2 , 0, 1 , 0, 7f875672d52766475ae289bc0739e6cad55029b900000000000000000000000000000000000000000000000000000000000000000103, Write
2 , 0, -1 , -1, 7f875672d52766475ae289bc0739e6cad55029b900000000000000000000000000000000000000000000000000000000000000000203, Write
2 , 0, -1 , -1, 85a0116d18fdf4a9c86099693fa5756710aca74700000000000000000000000000000000000000000000000000000000000000000001, Write
2 , 0, -1 , -1, 85a0116d18fdf4a9c86099693fa5756710aca74700000000000000000000000000000000000000000000000000000000000000000303, Write
2 , 0, 1 , 0, 000000000000000000000000000000000000dead00000000000000000000000000000000000000000000000000000000000000000001, Write
2 , 0, 1 , 0, 000000000000000000000000000000000000000000000000000000000000000000000000000000000000000000000000000000000103, Write
2 , 0, 1 , 0, 000000000000000000000000000000000000000000000000000000000000000000000000000000000000000000000000000000000001, Write
2 , 0, 1 , 0, 7f875672d52766475ae289bc0739e6cad55029b900000000000000000000000000000000000000000000000000000000000000000001, Write
2 , 0, -1 , -1, 7f875672d52766475ae289bc0739e6cad55029b900000000000000000000000000000000000000000000000000000000000000000303, Write
2 , 0, -1 , -1, 85a0116d18fdf4a9c86099693fa5756710aca74700000000000000000000000000000000000000000000000000000000000000000103, Write
2 , 0, 1 , 0, 000000000000000000000000000000000000dead00000000000000000000000000000000000000000000000000000000000000000103, Write
3 , 0, 2 , 0, 85a0116d18fdf4a9c86099693fa5756710aca74700000000000000000000000000000000000000000000000000000000000000000001, Read
3 , 0, -1 , -1, 85a0116d18fdf4a9c86099693fa5756710aca74700000000000000000000000000000000000000000000000000000000000000000303, Read
3 , 0, -1 , -1, fe5a7f60618d47ea810d8f1a8a59c673609d29f400000000000000000000000000000000000000000000000000000000000000000001, Read
3 , 0, -1 , -1, fe5a7f60618d47ea810d8f1a8a59c673609d29f400000000000000000000000000000000000000000000000000000000000000000303, Read
3 , 0, 2 , 0, 000000000000000000000000000000000000dead00000000000000000000000000000000000000000000000000000000000000000103, Read
3 , 0, 2 , 0, 000000000000000000000000000000000000000000000000000000000000000000000000000000000000000000000000000000000103, Read
3 , 0, 2 , 0, 000000000000000000000000000000000000000000000000000000000000000000000000000000000000000000000000000000000001, Read
3 , 0, 2 , 0, 85a0116d18fdf4a9c86099693fa5756710aca74700000000000000000000000000000000000000000000000000000000000000000103, Read
3 , 0, -1 , -1, 85a0116d18fdf4a9c86099693fa5756710aca74700000000000000000000000000000000000000000000000000000000000000000203, Read
3 , 0, -1 , -1, fe5a7f60618d47ea810d8f1a8a59c673609d29f400000000000000000000000000000000000000000000000000000000000000000103, Read
3 , 0, 2 , 0, 000000000000000000000000000000000000dead00000000000000000000000000000000000000000000000000000000000000000001, Read
3 , 0, 2 , 0, 000000000000000000000000000000000000dead00000000000000000000000000000000000000000000000000000000000000000001, Write
3 , 0, 2 , 0, 85a0116d18fdf4a9c86099693fa5756710aca74700000000000000000000000000000000000000000000000000000000000000000001, Write
3 , 0, -1 , -1, 85a0116d18fdf4a9c86099693fa5756710aca74700000000000000000000000000000000000000000000000000000000000000000303, Write
3 , 0, -1 , -1, fe5a7f60618d47ea810d8f1a8a59c673609d29f400000000000000000000000000000000000000000000000000000000000000000001, Write
3 , 0, -1 , -1, fe5a7f60618d47ea810d8f1a8a59c673609d29f400000000000000000000000000000000000000000000000000000000000000000303, Write
3 , 0, 2 , 0, 000000000000000000000000000000000000dead00000000000000000000000000000000000000000000000000000000000000000103, Write
3 , 0, 2 , 0, 000000000000000000000000000000000000000000000000000000000000000000000000000000000000000000000000000000000103, Write
3 , 0, 2 , 0, 000000000000000000000000000000000000000000000000000000000000000000000000000000000000000000000000000000000001, Write
3 , 0, 2 , 0, 85a0116d18fdf4a9c86099693fa5756710aca74700000000000000000000000000000000000000000000000000000000000000000103, Write
3 , 0, -1 , -1, 85a0116d18fdf4a9c86099693fa5756710aca74700000000000000000000000000000000000000000000000000000000000000000203, Write
3 , 0, -1 , -1, fe5a7f60618d47ea810d8f1a8a59c673609d29f400000000000000000000000000000000000000000000000000000000000000000103, Write
4 , 0, 0 , 0, 430555f51e2b1a469fd3894207f9714756f5901400000000000000000000000000000000000000000000000000000000000000000103, Read
4 , 0, 3 , 0, 000000000000000000000000000000000000dead00000000000000000000000000000000000000000000000000000000000000000001, Read
4 , 0, 3 , 0, 000000000000000000000000000000000000dead00000000000000000000000000000000000000000000000000000000000000000103, Read
4 , 0, 3 , 0, 000000000000000000000000000000000000000000000000000000000000000000000000000000000000000000000000000000000103, Read
4 , 0, -1 , -1, fe5a7f60618d47ea810d8f1a8a59c673609d29f400000000000000000000000000000000000000000000000000000000000000000203, Read
4 , 0, -1 , -1, fe5a7f60618d47ea810d8f1a8a59c673609d29f400000000000000000000000000000000000000000000000000000000000000000303, Read
4 , 0, -1 , -1, 430555f51e2b1a469fd3894207f9714756f5901400000000000000000000000000000000000000000000000000000000000000000303, Read
4 , 0, 3 , 0, 000000000000000000000000000000000000000000000000000000000000000000000000000000000000000000000000000000000001, Read
4 , 0, 3 , 0, fe5a7f60618d47ea810d8f1a8a59c673609d29f400000000000000000000000000000000000000000000000000000000000000000001, Read
4 , 0, 3 , 0, fe5a7f60618d47ea810d8f1a8a59c673609d29f400000000000000000000000000000000000000000000000000000000000000000103, Read
4 , 0, 0 , 0, 430555f51e2b1a469fd3894207f9714756f5901400000000000000000000000000000000000000000000000000000000000000000001, Read
4 , 0, 3 , 0, 000000000000000000000000000000000000000000000000000000000000000000000000000000000000000000000000000000000001, Write
4 , 0, 3 , 0, fe5a7f60618d47ea810d8f1a8a59c673609d29f400000000000000000000000000000000000000000000000000000000000000000001, Write
4 , 0, 3 , 0, fe5a7f60618d47ea810d8f1a8a59c673609d29f400000000000000000000000000000000000000000000000000000000000000000103, Write
4 , 0, 0 , 0, 430555f51e2b1a469fd3894207f9714756f5901400000000000000000000000000000000000000000000000000000000000000000001, Write
4 , 0, 0 , 0, 430555f51e2b1a469fd3894207f9714756f5901400000000000000000000000000000000000000000000000000000000000000000103, Write
4 , 0, 3 , 0, 000000000000000000000000000000000000dead00000000000000000000000000000000000000000000000000000000000000000001, Write
4 , 0, 3 , 0, 000000000000000000000000000000000000dead00000000000000000000000000000000000000000000000000000000000000000103, Write
4 , 0, 3 , 0, 000000000000000000000000000000000000000000000000000000000000000000000000000000000000000000000000000000000103, Write
4 , 0, -1 , -1, fe5a7f60618d47ea810d8f1a8a59c673609d29f400000000000000000000000000000000000000000000000000000000000000000203, Write
4 , 0, -1 , -1, fe5a7f60618d47ea810d8f1a8a59c673609d29f400000000000000000000000000000000000000000000000000000000000000000303, Write
4 , 0, -1 , -1, 430555f51e2b1a469fd3894207f9714756f5901400000000000000000000000000000000000000000000000000000000000000000303, Write
